,Symbol,Name,Unnamed: 2,Price,Change,Change %,Volume,Avg Vol (3M),Market Cap,P/E Ratio (TTM),52 Wk Change %,52 Wk Range
0,WRD,WeRide Inc.,,31.50 +14.33 (+83.46%),14.33,+83.46%,20.704M,442450,8.647B,-,90.33%,
1,RXRX,"Recursion Pharmaceuticals, Inc.",,10.53 +2.03 (+23.88%),2.03,+23.88%,81.43M,19.155M,4.114B,-,-16.36%,
2,KC,Kingsoft Cloud Holdings Limited,,20.81 +3.46 (+19.94%),3.46,+19.94%,7.587M,4.046M,4.942B,-,682.33%,
3,GT,The Goodyear Tire & Rubber Company,,9.58 +1.41 (+17.26%),1.41,+17.26%,21.622M,4.952M,2.73B,39.92,-22.68%,
4,PCOR,"Procore Technologies, Inc.",,87.50 +12.40 (+16.51%),12.4,+16.51%,4.16M,1.744M,13.008B,-,14.81%,
5,DKNG,DraftKings Inc.,,53.49 +7.04 (+15.16%),7.04,+15.16%,48.198M,8.485M,26.208B,-,29.45%,
6,ABNB,"Airbnb, Inc.",,161.42 +20.38 (+14.45%),20.38,+14.45%,21.544M,4.719M,101.782B,39.18,8.96%,
7,CRSP,CRISPR Therapeutics AG,,49.72 +6.23 (+14.33%),6.23,+14.33%,7.725M,2.021M,4.265B,-,-36.85%,
8,ROKU,"Roku, Inc.",,99.07 +12.27 (+14.14%),12.27,+14.14%,18.341M,3.604M,14.385B,-,47.32%,
9,CAE,CAE Inc.,,26.78 +3.27 (+13.91%),3.27,+13.91%,1.855M,492626,8.564B,-,38.97%,
10,SMCI,"Super Micro Computer, Inc.",,47.91 +5.63 (+13.32%),5.63,+13.32%,130.605M,74.226M,28.054B,23.84,-39.17%,
11,BEAM,Beam Therapeutics Inc.,,32.40 +3.79 (+13.25%),3.79,+13.25%,3.37M,1.15M,2.683B,-,1.89%,
12,PONY,Pony AI Inc.,,16.54 +1.68 (+11.31%),1.68,+11.31%,3.465M,1.135M,5.772B,-,37.83%,
13,BILI,Bilibili Inc.,,21.99 +2.17 (+10.95%),2.17,+10.95%,18.208M,5.554M,9.205B,-,115.59%,
14,CYTK,"Cytokinetics, Incorporated",,46.16 +4.54 (+10.91%),4.54,+10.91%,4.82M,1.377M,5.448B,-,-39.97%,
15,BBIO,"BridgeBio Pharma, Inc.",,34.90 +3.34 (+10.58%),3.34,+10.58%,3.369M,2.522M,6.596B,-,-2.92%,
16,WYNN,"Wynn Resorts, Limited",,88.82 +8.35 (+10.38%),8.35,+10.38%,8.892M,2.345M,9.451B,20.42,-13.96%,
17,DFKCY,"Daifuku Co., Ltd.",,11.38 +1.01 (+9.74%),1.01,+9.74%,27074,100433,8.368B,22.31,1.86%,
18,KAI,Kadant Inc.,,388.46 +34.27 (+9.68%),34.27,+9.68%,587263,111593,4.563B,40.98,22.49%,
19,MLCO,Melco Resorts & Entertainment Limited,,6.27 +0.52 (+9.04%),0.52,+9.04%,10.536M,3.831M,2.632B,-,-25.53%,
20,ACHR,Archer Aviation Inc.,,10.35 +0.83 (+8.72%),0.83,+8.72%,49.85M,40.868M,5.614B,-,101.75%,
21,GDS,GDS Holdings Limited,,39.14 +3.12 (+8.66%),3.12,+8.66%,5.74M,1.844M,7.937B,-,478.99%,
22,GXO,"GXO Logistics, Inc.",,39.41 +3.10 (+8.54%),3.1,+8.54%,4.467M,1.527M,4.709B,35.19,-26.96%,
23,BFAM,Bright Horizons Family Solutions Inc.,,128.93 +9.94 (+8.35%),9.94,+8.35%,1.115M,517740,7.502B,53.72,21.17%,
24,AUR,"Aurora Innovation, Inc.",,10.19 +0.77 (+8.17%),0.77,+8.17%,37.2M,14.165M,17.659B,-,260.07%,
25,APP,AppLovin Corporation,,510.13 +38.46 (+8.15%),38.46,+8.15%,11.243M,5.455M,173.466B,112.36,789.81%,
26,WST,"West Pharmaceutical Services, Inc.",,214.73 +15.62 (+7.84%),15.62,+7.84%,5.012M,630776,15.551B,32.05,-38.68%,
27,CSAN,Cosan S.A.,,5.43 +0.37 (+7.31%),0.37,+7.31%,1.489M,1.194M,2.523B,6.54,-63.99%,
28,NPSNY,Naspers Limited,,49.83 +3.20 (+6.86%),3.2,+6.86%,71183,56436,41.113B,13.54,47.56%,
29,ASTS,"AST SpaceMobile, Inc.",,32.10 +2.05 (+6.82%),2.05,+6.82%,13.913M,9.611M,9.3B,-,866.87%,
30,TEM,"Tempus AI, Inc.",,89.44 +5.69 (+6.79%),5.69,+6.79%,24.856M,8.526M,14.082B,-,122.21%,
31,SOFI,"SoFi Technologies, Inc.",,16.21 +1.02 (+6.71%),1.02,+6.71%,63.078M,44.648M,17.756B,41.56,90.48%,
32,NBIS,Nebius Group N.V.,,44.49 +2.79 (+6.69%),2.79,+6.69%,34.798M,9.554M,10.475B,-,122.45%,
33,AL,Air Lease Corporation,,49.45 +3.10 (+6.69%),3.1,+6.69%,1.095M,619168,5.508B,14.85,21.98%,
34,TME,Tencent Music Entertainment Group,,13.61 +0.85 (+6.66%),0.85,+6.66%,12.513M,6.71M,21.825B,26.17,37.20%,
35,NMRK,"Newmark Group, Inc.",,14.69 +0.87 (+6.30%),0.87,+6.30%,2.268M,959256,3.55B,43.21,37.80%,
36,RSI,"Rush Street Interactive, Inc.",,16.70 +0.97 (+6.17%),0.97,+6.17%,2.639M,1.795M,3.769B,-,198.21%,
37,TDOC,"Teladoc Health, Inc.",,14.33 +0.82 (+6.07%),0.82,+6.07%,20.319M,5.767M,2.467B,-,-30.06%,
38,PROSY,Prosus N.V.,,9.05 +0.51 (+5.97%),0.51,+5.97%,413005,1.485M,105.29B,14.37,52.36%,
39,ZK,ZEEKR Intelligent Technology Holding Limited,,26.33 +1.48 (+5.96%),1.48,+5.96%,1.03M,648580,6.519B,-,-6.83%,
40,DXCM,"DexCom, Inc.",,89.07 +4.98 (+5.92%),4.98,+5.92%,7.554M,3.46M,34.8B,62.73,-24.43%,
41,FLUT,Flutter Entertainment plc,,298.81 +16.59 (+5.88%),16.59,+5.88%,3.875M,1.348M,53.042B,-,44.70%,
42,BHF,"Brighthouse Financial, Inc.",,62.14 +3.40 (+5.79%),3.4,+5.79%,1.232M,533016,3.643B,12.73,30.46%,
43,FMCC,Federal Home Loan Mortgage Corporation,,6.45 +0.35 (+5.74%),0.35,+5.74%,1.797M,7.402M,4.193B,-,491.74%,
44,FLG,"Flagstar Financial, Inc.",,13.22 +0.71 (+5.68%),0.71,+5.68%,8.364M,6.361M,5.485B,-,-6.04%,
45,RIVN,"Rivian Automotive, Inc.",,14.03 +0.73 (+5.49%),0.73,+5.49%,33.452M,36.145M,14.32B,-,-11.71%,
46,FROG,JFrog Ltd.,,39.80 +2.09 (+5.54%),2.09,+5.54%,4.717M,981696,4.44B,-,-6.35%,
47,LGND,Ligand Pharmaceuticals Incorporated,,120.00 +6.07 (+5.33%),6.07,+5.33%,115768,104280,2.267B,48.00,65.81%,
48,FTAI,FTAI Aviation Ltd.,,113.59 +5.67 (+5.25%),5.67,+5.25%,1.723M,2.796M,11.649B,-,114.77%,
49,FNMA,Federal National Mortgage Association,,7.09 +0.35 (+5.19%),0.35,+5.19%,4.028M,17.726M,8.211B,-,458.27%,
50,PHIN,PHINIA Inc.,,51.74 +2.54 (+5.16%),2.54,+5.16%,631542,492870,2.112B,29.40,64.46%,
51,VSH,"Vishay Intertechnology, Inc.",,18.63 +0.88 (+4.96%),0.88,+4.96%,2.105M,2.369M,2.526B,-,-14.70%,
52,HTHT,H World Group Limited,,36.46 +1.66 (+4.77%),1.66,+4.77%,4.73M,2.074M,11.424B,22.79,1.36%,
53,ELP,Companhia Paranaense de Energia - COPEL,,7.26 +0.33 (+4.76%),0.33,+4.76%,469399,283670,4.928B,12.74,-13.98%,
54,ALGM,"Allegro MicroSystems, Inc.",,25.74 +1.17 (+4.76%),1.17,+4.76%,3.399M,2.305M,4.739B,-,-16.40%,
55,CVNA,Carvana Co.,,285.33 +12.93 (+4.75%),12.93,+4.75%,3.936M,3.081M,33.368B,-,450.72%,
56,SLM,SLM Corporation,,31.43 +1.41 (+4.70%),1.41,+4.70%,2.786M,2.73M,6.613B,11.73,55.13%,
57,GKOS,Glaukos Corporation,,153.20 +6.82 (+4.66%),6.82,+4.66%,747249,546563,8.447B,-,66.29%,
58,PWP,Perella Weinberg Partners,,23.83 +1.06 (+4.66%),1.06,+4.66%,578352,639251,2.067B,-,83.03%,
59,COMP,"Compass, Inc.",,7.93 +0.35 (+4.62%),0.35,+4.62%,6.8M,4.649M,4.375B,-,117.26%,
60,SITM,SiTime Corporation,,177.41 +7.82 (+4.61%),7.82,+4.61%,248551,244770,4.145B,-,69.06%,
61,IOT,Samsara Inc.,,58.96 +2.59 (+4.59%),2.59,+4.59%,3.557M,3.161M,33.088B,-,79.05%,
62,TNXP,Tonix Pharmaceuticals Holding Corp.,,11.95 +0.52 (+4.55%),0.52,+4.55%,368646,1.667M,66.806M,-,-98.99%,
63,OS,"OneStream, Inc.",,25.57 +1.11 (+4.54%),1.11,+4.54%,2.267M,1.352M,4.44B,-,-4.77%,
64,PARA,Paramount Global,,11.30 +0.49 (+4.53%),0.49,+4.53%,15.125M,9.841M,8.02B,-,-5.44%,
65,JD,"JD.com, Inc.",,41.38 +1.79 (+4.52%),1.79,+4.52%,13.302M,10.273M,67.436B,13.44,78.13%,
66,AGCO,AGCO Corporation,,98.05 +4.20 (+4.48%),4.2,+4.48%,1.022M,932215,7.319B,-,-7.91%,
67,XPEV,XPeng Inc.,,16.66 +0.71 (+4.45%),0.71,+4.45%,9.373M,10.547M,15.631B,-,85.11%,
68,PBR,Petróleo Brasileiro S.A. - Petrobras,,14.32 +0.61 (+4.45%),0.61,+4.45%,17.706M,13.891M,85.18B,5.59,-18.82%,
69,ALK,"Alaska Air Group, Inc.",,75.74 +3.20 (+4.41%),3.2,+4.41%,2.217M,2.778M,9.325B,24.59,94.60%,
70,ARWR,"Arrowhead Pharmaceuticals, Inc.",,19.95 +0.84 (+4.40%),0.84,+4.40%,894896,2.062M,2.516B,-,-31.72%,
71,HCM,HUTCHMED (China) Limited,,13.80 +0.58 (+4.39%),0.58,+4.39%,77646,74245,2.359B,-,-4.23%,
72,STNE,StoneCo Ltd.,,9.78 +0.41 (+4.38%),0.41,+4.38%,8.576M,5.835M,2.902B,8.81,-40.98%,
73,BABA,Alibaba Group Holding Limited,,124.73 +5.19 (+4.34%),5.19,+4.34%,52.086M,19.644M,302.871B,25.93,70.54%,
74,PTCT,"PTC Therapeutics, Inc.",,51.82 +2.15 (+4.33%),2.15,+4.33%,725436,734378,3.997B,-,99.46%,
75,CWST,"Casella Waste Systems, Inc.",,111.36 +4.59 (+4.30%),4.59,+4.30%,518559,300241,7.051B,484.17,22.76%,
76,PBR-A,Petróleo Brasileiro S.A. - Petrobras,,13.15 +0.54 (+4.28%),0.54,+4.28%,6.635M,5.034M,85.18B,5.14,-23.50%,
77,CE,Celanese Corporation,,68.06 +2.76 (+4.23%),2.76,+4.23%,3.216M,2.51M,7.44B,6.78,-54.44%,
78,FN,Fabrinet,,223.04 +9.01 (+4.21%),9.01,+4.21%,617109,611163,8.027B,24.95,21.49%,
79,CRC,California Resources Corporation,,48.23 +1.94 (+4.19%),1.94,+4.19%,939684,684818,4.407B,6.87,-9.43%,
80,HWM,Howmet Aerospace Inc.,,133.42 +5.34 (+4.17%),5.34,+4.17%,3.732M,2.502M,54.038B,47.31,111.41%,
81,ATAT,Atour Lifestyle Holdings Limited,,30.80 +1.23 (+4.16%),1.23,+4.16%,1.946M,1.179M,4.238B,26.78,65.86%,
82,VRNA,Verona Pharma plc,,64.21 +2.54 (+4.12%),2.54,+4.12%,1.873M,1.242M,5.254B,-,277.71%,
83,EBR,Centrais Elétricas Brasileiras S.A. - Eletrobrás,,6.58 +0.26 (+4.11%),0.26,+4.11%,988720,1.572M,14.362B,8.66,-27.21%,
84,CCS,"Century Communities, Inc.",,74.68 +2.94 (+4.10%),2.94,+4.10%,500074,420906,2.312B,7.18,-12.53%,
85,SONY,Sony Group Corporation,,24.14 +0.95 (+4.10%),0.95,+4.10%,5.032M,3.503M,145.928B,20.12,37.39%,
86,CAR,"Avis Budget Group, Inc.",,90.75 +3.56 (+4.08%),3.56,+4.08%,1.055M,601143,3.189B,-,-14.59%,
87,JXN,Jackson Financial Inc.,,96.66 +3.76 (+4.05%),3.76,+4.05%,638184,584436,7.139B,-,88.49%,
88,MU,"Micron Technology, Inc.",,99.52 +3.86 (+4.04%),3.86,+4.04%,21.25M,23.599M,110.882B,28.52,23.31%,
89,SSD,"Simpson Manufacturing Co., Inc.",,174.28 +6.67 (+3.98%),6.67,+3.98%,376704,241965,7.348B,22.93,-9.66%,
90,MSTR,MicroStrategy Incorporated,,337.73 +12.81 (+3.94%),12.81,+3.94%,13.772M,24.791M,87.195B,-,379.06%,
91,BAM,Brookfield Asset Management Ltd.,,59.83 +2.26 (+3.93%),2.26,+3.93%,1.929M,1.15M,96.558B,44.98,46.71%,
92,ENVX,Enovix Corporation,,11.45 +0.43 (+3.90%),0.43,+3.90%,4.047M,6.093M,2.157B,-,-2.80%,
93,PAGS,PagSeguro Digital Ltd.,,8.04 +0.30 (+3.88%),0.3,+3.88%,2.457M,5.391M,2.508B,7.44,-37.24%,
94,AESI,Atlas Energy Solutions Inc.,,21.87 +0.81 (+3.85%),0.81,+3.85%,1.537M,1.515M,3.587B,31.70,19.18%,
95,STLA,Stellantis N.V.,,14.05 +0.52 (+3.84%),0.52,+3.84%,11.963M,9.722M,40.318B,3.11,-44.69%,
96,VCYT,"Veracyte, Inc.",,41.11 +1.52 (+3.84%),1.52,+3.84%,818609,758801,3.186B,-,64.24%,
97,W,Wayfair Inc.,,49.41 +1.82 (+3.82%),1.82,+3.82%,3.852M,3.537M,6.192B,-,-2.12%,
98,DASH,"DoorDash, Inc.",,213.38 +7.74 (+3.76%),7.74,+3.76%,6.858M,2.964M,88.637B,711.27,84.78%,
99,EDU,New Oriental Education & Technology Group Inc.,,55.48 +2.01 (+3.76%),2.01,+3.76%,2.418M,1.911M,9.073B,24.12,-38.73%,
100,SBS,Companhia de Saneamento Básico do Estado de São Paulo - SABESP,,17.74 +0.64 (+3.74%),0.64,+3.74%,785000,834326,12.125B,16.74,7.32%,
101,DELL,Dell Technologies Inc.,,114.38 +4.12 (+3.74%),4.12,+3.74%,16.183M,8.424M,79.803B,20.24,38.71%,
102,U,Unity Software Inc.,,21.51 +0.77 (+3.71%),0.77,+3.71%,8.661M,10.224M,8.665B,-,-32.82%,
103,BZ,Kanzhun Limited,,16.49 +0.59 (+3.71%),0.59,+3.71%,6.672M,3.943M,7.102B,37.48,11.27%,
104,ATKR,Atkore Inc.,,72.51 +2.56 (+3.66%),2.56,+3.66%,614776,708553,2.494B,6.98,-49.15%,
105,WSM,"Williams-Sonoma, Inc.",,214.60 +7.54 (+3.64%),7.54,+3.64%,898945,1.851M,26.417B,25.37,91.76%,
106,RELY,"Remitly Global, Inc.",,27.14 +0.95 (+3.63%),0.95,+3.63%,2.123M,1.48M,5.375B,-,50.78%,
107,CRBG,"Corebridge Financial, Inc.",,33.18 +1.16 (+3.62%),1.16,+3.62%,4.31M,3.365M,18.448B,8.92,30.94%,
108,ITUB,Itaú Unibanco Holding S.A.,,6.09 +0.21 (+3.57%),0.21,+3.57%,23.186M,27.674M,54.351B,8.46,-15.77%,
109,NVCR,NovoCure Limited,,22.48 +0.77 (+3.55%),0.77,+3.55%,721516,1.195M,2.432B,-,42.10%,
110,PPC,Pilgrim's Pride Corporation,,53.88 +1.83 (+3.52%),1.83,+3.52%,2.837M,1.076M,12.776B,11.79,84.96%,
111,SITE,"SiteOne Landscape Supply, Inc.",,146.09 +4.93 (+3.49%),4.93,+3.49%,498988,334466,6.561B,53.71,-10.87%,
112,CXT,"Crane NXT, Co.",,59.81 +2.01 (+3.48%),2.01,+3.48%,857349,401801,3.42B,18.75,2.19%,
113,INTR,"Inter & Co, Inc.",,5.47 +0.18 (+3.40%),0.18,+3.40%,2.838M,2.22M,2.405B,15.19,2.63%,
114,ETSY,"Etsy, Inc.",,57.20 +1.88 (+3.40%),1.88,+3.40%,3.895M,3.285M,6.435B,29.18,-24.61%,
115,WMG,Warner Music Group Corp.,,36.30 +1.19 (+3.39%),1.19,+3.39%,3.146M,1.867M,18.889B,37.04,1.82%,
116,CHEF,"The Chefs' Warehouse, Inc.",,65.30 +2.12 (+3.36%),2.12,+3.36%,548082,443120,2.583B,49.47,79.35%,
117,MRNA,"Moderna, Inc.",,32.99 +1.07 (+3.35%),1.07,+3.35%,25.131M,10.587M,12.695B,-,-62.08%,
118,UAL,"United Airlines Holdings, Inc.",,104.26 +3.37 (+3.34%),3.37,+3.34%,4.85M,5.615M,34.289B,11.03,139.90%,
119,VKTX,"Viking Therapeutics, Inc.",,30.48 +0.98 (+3.32%),0.98,+3.32%,3.184M,3.795M,3.401B,-,-14.72%,
120,FUTU,Futu Holdings Limited,,121.82 +3.90 (+3.31%),3.9,+3.31%,5.552M,2.393M,16.802B,29.86,144.82%,
121,JOBY,"Joby Aviation, Inc.",,7.83 +0.25 (+3.30%),0.25,+3.30%,13.997M,17.074M,5.991B,-,26.09%,
122,VLO,Valero Energy Corporation,,135.31 +4.32 (+3.30%),4.32,+3.30%,3.48M,2.96M,42.837B,15.77,0.21%,
123,ALV,"Autoliv, Inc.",,98.15 +3.11 (+3.27%),3.11,+3.27%,962825,711030,7.627B,12.21,-10.90%,
124,R,"Ryder System, Inc.",,166.34 +5.27 (+3.27%),5.27,+3.27%,509113,315181,7B,15.04,53.03%,
125,OMF,"OneMain Holdings, Inc.",,56.96 +1.75 (+3.17%),1.75,+3.17%,790068,887323,6.799B,13.43,20.60%,
126,MATX,"Matson, Inc.",,146.32 +4.48 (+3.16%),4.48,+3.16%,331941,244450,4.859B,12.30,26.55%,
127,CPA,"Copa Holdings, S.A.",,97.78 +2.98 (+3.14%),2.98,+3.14%,511614,362306,4.026B,6.72,-1.05%,
128,AB,AllianceBernstein Holding L.P.,,37.08 +1.13 (+3.14%),1.13,+3.14%,746636,548945,4.206B,9.99,13.78%,
129,TAP,Molson Coors Beverage Company,,60.36 +1.82 (+3.11%),1.82,+3.11%,3.272M,1.831M,12.233B,11.28,-3.76%,
130,APO,"Apollo Global Management, Inc.",,162.81 +4.89 (+3.10%),4.89,+3.10%,2.643M,5.477M,92.108B,22.21,48.55%,
131,DFS,Discover Financial Services,,195.97 +5.86 (+3.08%),5.86,+3.08%,1.228M,1.413M,49.249B,11.06,57.51%,
132,RHI,Robert Half International Inc.,,60.15 +1.79 (+3.07%),1.79,+3.07%,1.621M,1.036M,6.147B,24.65,-24.84%,
133,RSG,"Republic Services, Inc.",,231.37 +6.88 (+3.06%),6.88,+3.06%,1.497M,996206,72.253B,35.60,28.53%,
134,OSCR,"Oscar Health, Inc.",,13.46 +0.40 (+3.06%),0.4,+3.06%,3.23M,4.069M,3.372B,134.60,-23.09%,
135,C,Citigroup Inc.,,84.61 +2.51 (+3.06%),2.51,+3.06%,12.682M,14.136M,158.821B,14.22,52.67%,
136,MBLY,Mobileye Global Inc.,,17.97 +0.53 (+3.04%),0.53,+3.04%,3.001M,6.869M,14.587B,-,-28.92%,
137,AMX,"América Móvil, S.A.B. de C.V.",,15.28 +0.45 (+3.03%),0.45,+3.03%,2.384M,1.722M,46.546B,33.96,-17.18%,
138,NXT,Nextracker Inc.,,47.30 +1.39 (+3.03%),1.39,+3.03%,2.16M,2.599M,6.978B,11.68,-19.67%,
139,MBGYY,Mercedes-Benz Group AG,,16.02 +0.47 (+3.02%),0.47,+3.02%,38358,508893,61.703B,5.80,-11.10%,
140,RXO,"RXO, Inc.",,21.57 +0.63 (+3.01%),0.63,+3.01%,1.018M,1.114M,3.505B,-,3.01%,
141,DINO,HF Sinclair Corporation,,38.01 +1.11 (+3.01%),1.11,+3.01%,3.602M,2.354M,7.161B,21.97,-35.97%,
142,KLC,"KinderCare Learning Companies, Inc.",,20.55 +0.60 (+3.01%),0.6,+3.01%,348092,698603,2.424B,42.81,-21.35%,
143,DE,Deere & Company,,480.22 +14.00 (+3.00%),14.0,+3.00%,1.919M,1.4M,130.788B,21.28,34.37%,
